feature,mean_abs_shap
lag1,1745.3495713350812
dayofweek,501.93191159327694
store_nbr,314.17264163188975
family,207.69807663263813
month,111.80761375555437
cluster,88.81997580871789
city,0.0
state,0.0
type,0.0
is_weekend,0.0
