hour,target_original,target_after_obs
0,293.96,293.96
1,292.4215,292.4215
2,290.7,290.7
3,289.79,289.79
4,288.88,288.88
5,288.23,288.23
6,287.82,287.82
7,287.13,287.13
8,286.44,286.44
9,286.27,286.27
10,285.96,285.96
11,285.65,285.65
12,285.15,285.15
13,283.619666667,283.619666667
14,282.089333333,285.35
15,288.906,288.906
16,285.9845,290.15
17,291.41,291.41
18,294.7,294.7
19,294.6225,294.6225
20,295.76,295.76
21,296.24,296.24
22,296.57,296.57
23,296.11,296.11
