model,mase
Naive,8.029174464226038
TimeGPT_zero_shot,1.1189202917295324
SeasonalNaive,0.9934205114635178
TimeGPT_finetuned,0.8311239829267636
best_statsforecast_model,0.7088804723517332
TimeGPT_2,0.42849355971055736
