model,mase
Naive,8.029174464226038
AutoTheta,1.8683660494856107
AutoETS,1.3316688652281028
SeasonalNaive,0.9934205114635178
AutoARIMA,0.8022600321316509
CES,0.7299214715893911
best_statsforecast_model,0.7088804723517332
